onset	duration	trial_type	value	sample	trial	number_trial	EEG_trigger	stim_file
19.15192120196995	60	click	0	191524	0	0	1	/stimuli/click/click000.wav
79.35461613459664	60	click	0	793566	1	1	1	/stimuli/click/click001.wav
139.51461213469662	60	click	0	1395181	2	2	1	/stimuli/click/click002.wav
199.67460813479664	60	click	0	1996796	3	3	1	/stimuli/click/click003.wav
259.8773030674233	60	click	0	2598838	4	4	1	/stimuli/click/click004.wav
320.07999800005	60	click	0	3200880	5	5	1	/stimuli/click/click005.wav
380.2826929326767	60	click	0	3802922	6	6	1	/stimuli/click/click006.wav
440.4853878653034	60	click	0	4404964	7	7	1	/stimuli/click/click007.wav
500.68808279793006	60	click	0	5007006	8	8	1	/stimuli/click/click008.wav
560.8907777305567	60	click	0	5609048	9	9	1	/stimuli/click/click009.wav
806.5014374640634	12	chn_aud	7	8065216	10	35	1	/stimuli/chn_aud/chn_aud035.wav
819.0241243968901	12	eng_aud	8	8190446	11	4	1	/stimuli/eng_aud/eng_aud004.wav
831.5255118622034	12	acoustic	1	8315463	12	0	1	/stimuli/acoustic/acoustic000.wav
844.0481987950301	12	classical	2	8440693	13	2	1	/stimuli/classical/classical002.wav
856.5707857303568	12	news	11	8565922	14	25	1	/stimuli/news/news025.wav
869.0934726631834	12	talk	12	8691152	15	18	1	/stimuli/talk/talk018.wav
881.6161595960101	12	interview	9	8816382	16	21	1	/stimuli/interview/interview021.wav
901.58416039599	12	lecture	10	9016067	17	1	1	/stimuli/lecture/lecture001.wav
914.1068473288168	12	metal	5	9141297	18	3	1	/stimuli/metal/metal003.wav
926.6295342616436	12	hiphop	3	9266527	19	16	1	/stimuli/hiphop/hiphop016.wav
939.1308217294568	12	jazz	4	9391543	20	36	1	/stimuli/jazz/jazz036.wav
951.6535086622836	12	pop	6	9516773	21	20	1	/stimuli/pop/pop020.wav
964.17619559511	12	classical	2	9642003	22	18	1	/stimuli/classical/classical018.wav
976.6988825279368	12	interview	9	9767233	23	22	1	/stimuli/interview/interview022.wav
994.9175270618234	12	pop	6	9949424	24	35	1	/stimuli/pop/pop035.wav
1007.4188145296368	12	jazz	4	10074440	25	6	1	/stimuli/jazz/jazz006.wav
1019.9415014624634	12	chn_aud	7	10199670	26	23	1	/stimuli/chn_aud/chn_aud023.wav
1032.4641883952902	12	eng_aud	8	10324900	27	22	1	/stimuli/eng_aud/eng_aud022.wav
1044.9868753281169	12	news	11	10450130	28	35	1	/stimuli/news/news035.wav
1063.9095022624435	12	acoustic	1	10639361	29	27	1	/stimuli/acoustic/acoustic027.wav
1076.4108897277567	12	metal	5	10764378	30	10	1	/stimuli/metal/metal010.wav
1088.9121771955702	12	hiphop	3	10889394	31	10	1	/stimuli/hiphop/hiphop010.wav
1101.4348641283968	12	talk	12	11014624	32	26	1	/stimuli/talk/talk026.wav
1113.9362515937105	12	lecture	10	11139641	33	23	1	/stimuli/lecture/lecture023.wav
1126.4588385290367	12	news	11	11264870	34	17	1	/stimuli/news/news017.wav
1138.9815254618634	12	classical	2	11390100	35	6	1	/stimuli/classical/classical006.wav
1156.56018599535	12	lecture	10	11565891	36	30	1	/stimuli/lecture/lecture030.wav
1169.0828729281768	12	metal	5	11691121	37	17	1	/stimuli/metal/metal017.wav
1181.6055598610037	12	hiphop	3	11816351	38	4	1	/stimuli/hiphop/hiphop004.wav
1194.1282467938302	12	jazz	4	11941581	39	19	1	/stimuli/jazz/jazz019.wav
1206.6295342616434	12	eng_aud	8	12066597	40	14	1	/stimuli/eng_aud/eng_aud014.wav
1225.2535686607837	12	acoustic	1	12252842	41	23	1	/stimuli/acoustic/acoustic023.wav
1237.7548561285969	12	talk	12	12377858	42	33	1	/stimuli/talk/talk033.wav
1250.25624359391	12	interview	9	12502875	43	37	1	/stimuli/interview/interview037.wav
1262.7789305267368	12	chn_aud	7	12628105	44	36	1	/stimuli/chn_aud/chn_aud036.wav
1275.3016174595634	12	pop	6	12753335	45	9	1	/stimuli/pop/pop009.wav
1287.8029049273769	12	pop	6	12878351	46	27	1	/stimuli/pop/pop027.wav
1304.97627559311	12	jazz	4	13050089	47	22	1	/stimuli/jazz/jazz022.wav
1317.4775630609236	12	eng_aud	8	13175105	48	0	1	/stimuli/eng_aud/eng_aud000.wav
1330.0002499937502	12	talk	12	13300335	49	23	1	/stimuli/talk/talk023.wav
1342.522936926577	12	classical	2	13425565	50	39	1	/stimuli/classical/classical039.wav
1355.0456238594036	12	acoustic	1	13550795	51	7	1	/stimuli/acoustic/acoustic007.wav
1367.5683107922302	12	chn_aud	7	13676025	52	25	1	/stimuli/chn_aud/chn_aud025.wav
1380.0695982600434	12	news	11	13801041	53	29	1	/stimuli/news/news029.wav
1397.9682507937302	12	hiphop	3	13980032	54	22	1	/stimuli/hiphop/hiphop022.wav
1410.490937726557	12	interview	9	14105262	55	20	1	/stimuli/interview/interview020.wav
1422.99222519437	12	metal	5	14230278	56	15	1	/stimuli/metal/metal015.wav
1435.5149121271968	12	lecture	10	14355508	57	21	1	/stimuli/lecture/lecture021.wav
1448.0375990600237	12	classical	2	14480738	58	17	1	/stimuli/classical/classical017.wav
1460.56028599285	12	news	11	14605968	59	21	1	/stimuli/news/news021.wav
1473.0615734606636	12	interview	9	14730984	60	38	1	/stimuli/interview/interview038.wav
1491.1949201269967	12	lecture	10	14912322	61	5	1	/stimuli/lecture/lecture005.wav
1503.6963075923102	12	chn_aud	7	15037339	62	28	1	/stimuli/chn_aud/chn_aud028.wav
1516.1975950601236	12	metal	5	15162355	63	33	1	/stimuli/metal/metal033.wav
1528.7202819929505	12	hiphop	3	15287585	64	5	1	/stimuli/hiphop/hiphop005.wav
1541.242968925777	12	acoustic	1	15412815	65	30	1	/stimuli/acoustic/acoustic030.wav
1558.8856278593034	12	talk	12	15589246	66	3	1	/stimuli/talk/talk003.wav
1571.40831479213	12	jazz	4	15714476	67	32	1	/stimuli/jazz/jazz032.wav
1583.9310017249568	12	pop	6	15839706	68	33	1	/stimuli/pop/pop033.wav
1596.4322891927702	12	eng_aud	8	15964722	69	6	1	/stimuli/eng_aud/eng_aud006.wav
1608.9336766580836	12	classical	2	16089739	70	16	1	/stimuli/classical/classical016.wav
1621.45626359341	12	chn_aud	7	16214968	71	26	1	/stimuli/chn_aud/chn_aud026.wav
1633.9576510587235	12	talk	12	16339985	72	31	1	/stimuli/talk/talk031.wav
1650.4056398590037	12	lecture	10	16504469	73	34	1	/stimuli/lecture/lecture034.wav
1662.907027324317	12	news	11	16629486	74	20	1	/stimuli/news/news020.wav
1675.4296142596436	12	eng_aud	8	16754715	75	29	1	/stimuli/eng_aud/eng_aud029.wav
1687.9523011924705	12	interview	9	16879945	76	8	1	/stimuli/interview/interview008.wav
1700.4536886577837	12	acoustic	1	17004962	77	16	1	/stimuli/acoustic/acoustic016.wav
1716.4536886577837	12	jazz	4	17164966	78	38	1	/stimuli/jazz/jazz038.wav
1728.9549761255969	12	pop	6	17289982	79	23	1	/stimuli/pop/pop023.wav
1741.4776630584236	12	hiphop	3	17415212	80	14	1	/stimuli/hiphop/hiphop014.wav
1754.0003499912502	12	metal	5	17540442	81	6	1	/stimuli/metal/metal006.wav
1766.523036924077	12	eng_aud	8	17665672	82	19	1	/stimuli/eng_aud/eng_aud019.wav
1779.0456238594036	12	pop	6	17790901	83	34	1	/stimuli/pop/pop034.wav
1791.5683107922302	12	metal	5	17916131	84	39	1	/stimuli/metal/metal039.wav
1812.090997725057	12	classical	2	18121363	85	25	1	/stimuli/classical/classical025.wav
1824.5923851903704	12	news	11	18246380	86	34	1	/stimuli/news/news034.wav
1837.1149721256968	12	acoustic	1	18371609	87	13	1	/stimuli/acoustic/acoustic013.wav
1849.6376590585237	12	chn_aud	7	18496839	88	27	1	/stimuli/chn_aud/chn_aud027.wav
1862.16034599135	12	hiphop	3	18622069	89	35	1	/stimuli/hiphop/hiphop035.wav
1874.6830329241768	12	talk	12	18747299	90	34	1	/stimuli/talk/talk034.wav
1893.7123571910704	12	interview	9	18937597	91	28	1	/stimuli/interview/interview028.wav
1906.2350441238968	12	lecture	10	19062827	92	0	1	/stimuli/lecture/lecture000.wav
1918.7577310567235	12	jazz	4	19188057	93	25	1	/stimuli/jazz/jazz025.wav
1931.259018524537	12	acoustic	1	19313073	94	3	1	/stimuli/acoustic/acoustic003.wav
1943.76040598985	12	jazz	4	19438090	95	2	1	/stimuli/jazz/jazz002.wav
1956.2829929251768	12	pop	6	19563319	96	15	1	/stimuli/pop/pop015.wav
1968.7843803904905	12	classical	2	19688336	97	33	1	/stimuli/classical/classical033.wav
1987.643008924777	12	hiphop	3	19876927	98	6	1	/stimuli/hiphop/hiphop006.wav
2000.165695857604	12	interview	9	20002157	99	30	1	/stimuli/interview/interview030.wav
2012.6670833229168	12	talk	12	20127174	100	28	1	/stimuli/talk/talk028.wav
2025.1683707907305	12	chn_aud	7	20252190	101	39	1	/stimuli/chn_aud/chn_aud039.wav
2037.691057723557	12	lecture	10	20377420	102	32	1	/stimuli/lecture/lecture032.wav
2050.213744656384	12	eng_aud	8	20502650	103	31	1	/stimuli/eng_aud/eng_aud031.wav
2065.80835479113	12	news	11	20658600	104	3	1	/stimuli/news/news003.wav
2078.331041723957	12	metal	5	20783830	105	9	1	/stimuli/metal/metal009.wav
2090.8324291892704	12	pop	6	20908847	106	7	1	/stimuli/pop/pop007.wav
2103.3550161245967	12	acoustic	1	21034076	107	17	1	/stimuli/acoustic/acoustic017.wav
2115.8564035899103	12	lecture	10	21159093	108	8	1	/stimuli/lecture/lecture008.wav
2128.379090522737	12	jazz	4	21284323	109	17	1	/stimuli/jazz/jazz017.wav
2140.901677458064	12	hiphop	3	21409552	110	28	1	/stimuli/hiphop/hiphop028.wav
2156.005699857504	12	classical	2	21560596	111	29	1	/stimuli/classical/classical029.wav
2168.507087322817	12	interview	9	21685613	112	33	1	/stimuli/interview/interview033.wav
2181.029774255644	12	news	11	21810843	113	6	1	/stimuli/news/news006.wav
2193.5523611909703	12	talk	12	21936072	114	20	1	/stimuli/talk/talk020.wav
2206.075048123797	12	chn_aud	7	22061302	115	12	1	/stimuli/chn_aud/chn_aud012.wav
2218.597735056624	12	eng_aud	8	22186532	116	20	1	/stimuli/eng_aud/eng_aud020.wav
2236.04839879003	12	metal	5	22361043	117	38	1	/stimuli/metal/metal038.wav
2248.571085722857	12	acoustic	1	22486273	118	12	1	/stimuli/acoustic/acoustic012.wav
2261.093772655684	12	jazz	4	22611503	119	24	1	/stimuli/jazz/jazz024.wav
2273.5950601234968	12	pop	6	22736519	120	1	1	/stimuli/pop/pop001.wav
2286.1177470563234	12	lecture	10	22861749	121	24	1	/stimuli/lecture/lecture024.wav
2298.619034524137	12	eng_aud	8	22986765	122	26	1	/stimuli/eng_aud/eng_aud026.wav
2311.1204219894503	12	hiphop	3	23111782	123	29	1	/stimuli/hiphop/hiphop029.wav
2327.7604059898504	12	chn_aud	7	23278186	124	31	1	/stimuli/chn_aud/chn_aud031.wav
2340.283092922677	12	metal	5	23403416	125	35	1	/stimuli/metal/metal035.wav
2352.7843803904902	12	interview	9	23528432	126	27	1	/stimuli/interview/interview027.wav
2365.2857678558034	12	talk	12	23653449	127	21	1	/stimuli/talk/talk021.wav
2377.80845478863	12	news	11	23778679	128	13	1	/stimuli/news/news013.wav
2392.933776655584	12	classical	2	23929936	129	15	1	/stimuli/classical/classical015.wav
2405.4564635884103	12	interview	9	24055166	130	19	1	/stimuli/interview/interview019.wav
2417.979050523737	12	lecture	10	24180395	131	27	1	/stimuli/lecture/lecture027.wav
2430.501737456564	12	metal	5	24305625	132	2	1	/stimuli/metal/metal002.wav
2443.0244243893903	12	hiphop	3	24430855	133	15	1	/stimuli/hiphop/hiphop015.wav
2458.3844403889902	12	chn_aud	7	24584459	134	0	1	/stimuli/chn_aud/chn_aud000.wav
2470.907127321817	12	classical	2	24709689	135	14	1	/stimuli/classical/classical014.wav
2483.429814254644	12	eng_aud	8	24834919	136	11	1	/stimuli/eng_aud/eng_aud011.wav
2495.931101722457	12	pop	6	24959935	137	2	1	/stimuli/pop/pop002.wav
2508.4537886552835	12	talk	12	25085165	138	29	1	/stimuli/talk/talk029.wav
2520.97647558811	12	jazz	4	25210395	139	23	1	/stimuli/jazz/jazz023.wav
2533.499062523437	12	acoustic	1	25335624	140	39	1	/stimuli/acoustic/acoustic039.wav
2548.133796655084	12	news	11	25481975	141	19	1	/stimuli/news/news019.wav
2560.6564835879103	12	hiphop	3	25607205	142	32	1	/stimuli/hiphop/hiphop032.wav
2573.179070523237	12	metal	5	25732434	143	11	1	/stimuli/metal/metal011.wav
2585.68045798855	12	pop	6	25857451	144	11	1	/stimuli/pop/pop011.wav
2598.203144921377	12	chn_aud	7	25982681	145	4	1	/stimuli/chn_aud/chn_aud004.wav
2610.7258318542035	12	acoustic	1	26107911	146	10	1	/stimuli/acoustic/acoustic010.wav
2623.24841878953	12	interview	9	26233140	147	25	1	/stimuli/interview/interview025.wav
2648.3364915877105	12	classical	2	26484027	148	27	1	/stimuli/classical/classical027.wav
2660.8590785230367	12	news	11	26609256	149	8	1	/stimuli/news/news008.wav
2673.3817654558634	12	eng_aud	8	26734486	150	24	1	/stimuli/eng_aud/eng_aud024.wav
2685.883152921177	12	lecture	10	26859503	151	26	1	/stimuli/lecture/lecture026.wav
2698.3844403889902	12	jazz	4	26984519	152	27	1	/stimuli/jazz/jazz027.wav
2710.907127321817	12	talk	12	27109749	153	6	1	/stimuli/talk/talk006.wav
2732.965775855604	12	hiphop	3	27330341	154	27	1	/stimuli/hiphop/hiphop027.wav
2745.4884627884303	12	chn_aud	7	27455571	155	34	1	/stimuli/chn_aud/chn_aud034.wav
2758.011149721257	12	metal	5	27580801	156	4	1	/stimuli/metal/metal004.wav
2770.533836654084	12	interview	9	27706031	157	26	1	/stimuli/interview/interview026.wav
2783.0564235894103	12	news	11	27831260	158	22	1	/stimuli/news/news022.wav
2795.5578110547235	12	pop	6	27956277	159	14	1	/stimuli/pop/pop014.wav
2808.08049798755	12	classical	2	28081507	160	32	1	/stimuli/classical/classical032.wav
2981.00847478813	12	lecture	10	29810830	161	29	1	/stimuli/lecture/lecture029.wav
2993.509862253444	12	jazz	4	29935847	162	29	1	/stimuli/jazz/jazz029.wav
3006.0324491887704	12	eng_aud	8	30061076	163	38	1	/stimuli/eng_aud/eng_aud038.wav
3018.533836654084	12	talk	12	30186093	164	17	1	/stimuli/talk/talk017.wav
3031.0565235869103	12	acoustic	1	30311323	165	22	1	/stimuli/acoustic/acoustic022.wav
3043.579210519737	12	jazz	4	30436553	166	1	1	/stimuli/jazz/jazz001.wav
3056.101797455064	12	eng_aud	8	30561782	167	27	1	/stimuli/eng_aud/eng_aud027.wav
3074.235144121397	12	pop	6	30743120	168	4	1	/stimuli/pop/pop004.wav
3086.7365315867105	12	interview	9	30868137	169	23	1	/stimuli/interview/interview023.wav
3099.259118522037	12	acoustic	1	30993366	170	11	1	/stimuli/acoustic/acoustic011.wav
3111.781805454864	12	talk	12	31118596	171	39	1	/stimuli/talk/talk039.wav
3124.3044923876905	12	chn_aud	7	31243826	172	29	1	/stimuli/chn_aud/chn_aud029.wav
3136.827179320517	12	news	11	31369056	173	15	1	/stimuli/news/news015.wav
3152.677883052924	12	lecture	10	31527567	174	39	1	/stimuli/lecture/lecture039.wav
3165.179170520737	12	hiphop	3	31652583	175	26	1	/stimuli/hiphop/hiphop026.wav
3177.701857453564	12	classical	2	31777813	176	9	1	/stimuli/classical/classical009.wav
3190.2245443863903	12	metal	5	31903043	177	16	1	/stimuli/metal/metal016.wav
3202.747131321717	12	jazz	4	32028272	178	26	1	/stimuli/jazz/jazz026.wav
3215.269818254544	12	pop	6	32153502	179	28	1	/stimuli/pop/pop028.wav
3230.60853478663	12	metal	5	32306893	180	28	1	/stimuli/metal/metal028.wav
3243.109822254444	12	eng_aud	8	32431909	181	32	1	/stimuli/eng_aud/eng_aud032.wav
3255.6325091872704	12	classical	2	32557139	182	35	1	/stimuli/classical/classical035.wav
3268.155196120097	12	interview	9	32682369	183	34	1	/stimuli/interview/interview034.wav
3280.677883052924	12	acoustic	1	32807599	184	14	1	/stimuli/acoustic/acoustic014.wav
3296.3364915877105	12	hiphop	3	32964189	185	18	1	/stimuli/hiphop/hiphop018.wav
3308.859178520537	12	news	11	33089419	186	26	1	/stimuli/news/news026.wav
3321.3605659858504	12	lecture	10	33214436	187	20	1	/stimuli/lecture/lecture020.wav
3333.861853453664	12	talk	12	33339452	188	35	1	/stimuli/talk/talk035.wav
3346.3845403864902	12	chn_aud	7	33464682	189	3	1	/stimuli/chn_aud/chn_aud003.wav
3358.907227319317	12	chn_aud	7	33589912	190	5	1	/stimuli/chn_aud/chn_aud005.wav
3371.429814254644	12	hiphop	3	33715141	191	24	1	/stimuli/hiphop/hiphop024.wav
3393.275168120797	12	talk	12	33933600	192	30	1	/stimuli/talk/talk030.wav
3405.797855053624	12	lecture	10	34058830	193	10	1	/stimuli/lecture/lecture010.wav
3418.3205419864503	12	news	11	34184060	194	27	1	/stimuli/news/news027.wav
3430.843228919277	12	classical	2	34309290	195	19	1	/stimuli/classical/classical019.wav
3443.365815854604	12	jazz	4	34434519	196	14	1	/stimuli/jazz/jazz014.wav
3458.469838254044	12	eng_aud	8	34585563	197	28	1	/stimuli/eng_aud/eng_aud028.wav
3470.971225719357	12	interview	9	34710580	198	7	1	/stimuli/interview/interview007.wav
3483.493912652184	12	pop	6	34835810	199	17	1	/stimuli/pop/pop017.wav
3496.01649958751	12	metal	5	34961039	200	30	1	/stimuli/metal/metal030.wav
3508.517887052824	12	acoustic	1	35086056	201	33	1	/stimuli/acoustic/acoustic033.wav
3521.0405739856506	12	eng_aud	8	35211286	202	30	1	/stimuli/eng_aud/eng_aud030.wav
3537.5951601209968	12	jazz	4	35376836	203	31	1	/stimuli/jazz/jazz031.wav
3550.117847053824	12	metal	5	35502066	204	27	1	/stimuli/metal/metal027.wav
3562.6405339866506	12	acoustic	1	35627296	205	25	1	/stimuli/acoustic/acoustic025.wav
3575.141921451964	12	talk	12	35752313	206	25	1	/stimuli/talk/talk025.wav
3587.6645083872904	12	lecture	10	35877542	207	22	1	/stimuli/lecture/lecture022.wav
3600.187195320117	12	news	11	36002772	208	12	1	/stimuli/news/news012.wav
3612.709882252944	12	interview	9	36128002	209	11	1	/stimuli/interview/interview011.wav
3627.835204119897	12	classical	2	36279259	210	24	1	/stimuli/classical/classical024.wav
3640.357891052724	12	pop	6	36404489	211	18	1	/stimuli/pop/pop018.wav
3652.859178520537	12	chn_aud	7	36529505	212	24	1	/stimuli/chn_aud/chn_aud024.wav
3665.381865453364	12	hiphop	3	36654735	213	34	1	/stimuli/hiphop/hiphop034.wav
3677.9045523861914	12	interview	9	36779965	214	2	1	/stimuli/interview/interview002.wav
3690.427239319017	12	lecture	10	36905195	215	36	1	/stimuli/lecture/lecture036.wav
3706.7685307867305	12	hiphop	3	37068612	216	9	1	/stimuli/hiphop/hiphop009.wav
3719.291217719557	12	chn_aud	7	37193842	217	13	1	/stimuli/chn_aud/chn_aud013.wav
3731.7925051873694	12	eng_aud	8	37318858	218	13	1	/stimuli/eng_aud/eng_aud013.wav
3744.315192120197	12	acoustic	1	37444088	219	36	1	/stimuli/acoustic/acoustic036.wav
3756.837879053024	12	pop	6	37569318	220	31	1	/stimuli/pop/pop031.wav
3769.3605659858495	12	jazz	4	37694548	221	4	1	/stimuli/jazz/jazz004.wav
3781.883252918677	12	classical	2	37819778	222	4	1	/stimuli/classical/classical004.wav
3798.459238519037	12	news	11	37985542	223	39	1	/stimuli/news/news039.wav
3810.981925451864	12	metal	5	38110772	224	23	1	/stimuli/metal/metal023.wav
3823.483212919677	12	talk	12	38235788	225	7	1	/stimuli/talk/talk007.wav
3836.005899852504	12	news	11	38361018	226	11	1	/stimuli/news/news011.wav
3848.5285867853295	12	acoustic	1	38486248	227	4	1	/stimuli/acoustic/acoustic004.wav
3863.95260118497	12	classical	2	38640492	228	26	1	/stimuli/classical/classical026.wav
3876.475188120297	12	metal	5	38765721	229	36	1	/stimuli/metal/metal036.wav
3888.997875053124	12	talk	12	38890951	230	4	1	/stimuli/talk/talk004.wav
3901.5205619859503	12	eng_aud	8	39016181	231	21	1	/stimuli/eng_aud/eng_aud021.wav
3914.043248918777	12	hiphop	3	39141411	232	20	1	/stimuli/hiphop/hiphop020.wav
3931.877903052424	12	jazz	4	39319762	233	8	1	/stimuli/jazz/jazz008.wav
3944.379190520237	12	interview	9	39444778	234	13	1	/stimuli/interview/interview013.wav
3956.901877453064	12	lecture	10	39570008	235	33	1	/stimuli/lecture/lecture033.wav
3969.403264918377	12	chn_aud	7	39695025	236	14	1	/stimuli/chn_aud/chn_aud014.wav
3981.925951851204	12	pop	6	39820255	237	37	1	/stimuli/pop/pop037.wav
3994.44853878653	12	pop	6	39945484	238	39	1	/stimuli/pop/pop039.wav
4009.915252118697	12	metal	5	40100155	239	25	1	/stimuli/metal/metal025.wav
4022.41653958651	12	jazz	4	40225171	240	12	1	/stimuli/jazz/jazz012.wav
4034.939226519337	12	classical	2	40350401	241	1	1	/stimuli/classical/classical001.wav
4047.461913452164	12	acoustic	1	40475631	242	32	1	/stimuli/acoustic/acoustic032.wav
4059.9846003849902	12	eng_aud	8	40600861	243	37	1	/stimuli/eng_aud/eng_aud037.wav
4072.507287317817	12	hiphop	3	40726091	244	33	1	/stimuli/hiphop/hiphop033.wav
4088.677883052924	12	talk	12	40887801	245	5	1	/stimuli/talk/talk005.wav
4101.20056998575	12	news	11	41013031	246	23	1	/stimuli/news/news023.wav
4113.723256918577	12	chn_aud	7	41138261	247	15	1	/stimuli/chn_aud/chn_aud015.wav
4126.245943851403	12	lecture	10	41263491	248	28	1	/stimuli/lecture/lecture028.wav
4138.768630784231	12	interview	9	41388721	249	6	1	/stimuli/interview/interview006.wav
4151.291217719557	12	classical	2	41513950	250	13	1	/stimuli/classical/classical013.wav
4229.9472513187175	12	chn_aud	7	42300530	251	20	1	/stimuli/chn_aud/chn_aud020.wav
4242.469938251544	12	metal	5	42425760	252	1	1	/stimuli/metal/metal001.wav
4254.971225719357	12	lecture	10	42550776	253	18	1	/stimuli/lecture/lecture018.wav
4267.493912652184	12	hiphop	3	42676006	254	37	1	/stimuli/hiphop/hiphop037.wav
4280.01659958501	12	interview	9	42801236	255	18	1	/stimuli/interview/interview018.wav
4292.517887052823	12	news	11	42926252	256	28	1	/stimuli/news/news028.wav
4307.72860678483	12	talk	12	43078363	257	36	1	/stimuli/talk/talk036.wav
4320.251293717657	12	acoustic	1	43203593	258	2	1	/stimuli/acoustic/acoustic002.wav
4332.75258118547	12	pop	6	43328609	259	16	1	/stimuli/pop/pop016.wav
4345.275268118297	12	eng_aud	8	43453839	260	12	1	/stimuli/eng_aud/eng_aud012.wav
4357.797955051124	12	jazz	4	43579069	261	11	1	/stimuli/jazz/jazz011.wav
4373.157971050724	12	metal	5	43732673	262	13	1	/stimuli/metal/metal013.wav
4385.68055798605	12	eng_aud	8	43857902	263	33	1	/stimuli/eng_aud/eng_aud033.wav
4398.203244918877	12	pop	6	43983132	264	38	1	/stimuli/pop/pop038.wav
4410.725931851704	12	hiphop	3	44108362	265	8	1	/stimuli/hiphop/hiphop008.wav
4423.248618784531	12	interview	9	44233592	266	15	1	/stimuli/interview/interview015.wav
4435.749906252344	12	acoustic	1	44358608	267	31	1	/stimuli/acoustic/acoustic031.wav
4451.429914252144	12	lecture	10	44515412	268	37	1	/stimuli/lecture/lecture037.wav
4463.95260118497	12	chn_aud	7	44640642	269	19	1	/stimuli/chn_aud/chn_aud019.wav
4476.475288117797	12	jazz	4	44765872	270	20	1	/stimuli/jazz/jazz020.wav
4488.976575585611	12	classical	2	44890888	271	10	1	/stimuli/classical/classical010.wav
4501.499262518437	12	news	11	45016118	272	32	1	/stimuli/news/news032.wav
4514.021949451264	12	talk	12	45141348	273	22	1	/stimuli/talk/talk022.wav
4531.451313717157	12	interview	9	45315646	274	31	1	/stimuli/interview/interview031.wav
4543.973900652483	12	news	11	45440875	275	10	1	/stimuli/news/news010.wav
4556.49658758531	12	metal	5	45566105	276	18	1	/stimuli/metal/metal018.wav
4568.997975050624	12	pop	6	45691122	277	24	1	/stimuli/pop/pop024.wav
4581.520561985951	12	eng_aud	8	45816351	278	39	1	/stimuli/eng_aud/eng_aud039.wav
4599.419314517137	12	talk	12	45995343	279	12	1	/stimuli/talk/talk012.wav
4611.920601984951	12	jazz	4	46120359	280	9	1	/stimuli/jazz/jazz009.wav
4624.443288917777	12	classical	2	46245589	281	36	1	/stimuli/classical/classical036.wav
4636.965975850604	12	chn_aud	7	46370819	282	30	1	/stimuli/chn_aud/chn_aud030.wav
4649.48856278593	12	lecture	10	46496048	283	15	1	/stimuli/lecture/lecture015.wav
4662.011249718757	12	hiphop	3	46621278	284	3	1	/stimuli/hiphop/hiphop003.wav
4674.512637184071	12	acoustic	1	46746295	285	8	1	/stimuli/acoustic/acoustic008.wav
4689.1685707857305	12	news	11	46892858	286	14	1	/stimuli/news/news014.wav
4701.691257718557	12	acoustic	1	47018088	287	21	1	/stimuli/acoustic/acoustic021.wav
4714.192645183871	12	eng_aud	8	47143105	288	16	1	/stimuli/eng_aud/eng_aud016.wav
4726.715232119197	12	metal	5	47268334	289	31	1	/stimuli/metal/metal031.wav
4739.237919052024	12	hiphop	3	47393564	290	19	1	/stimuli/hiphop/hiphop019.wav
4754.448638784031	12	pop	6	47545675	291	22	1	/stimuli/pop/pop022.wav
4766.971325716857	12	jazz	4	47670905	292	34	1	/stimuli/jazz/jazz034.wav
4779.493912652184	12	talk	12	47796134	293	13	1	/stimuli/talk/talk013.wav
4792.01659958501	12	classical	2	47921364	294	11	1	/stimuli/classical/classical011.wav
4804.517987050323	12	interview	9	48046381	295	39	1	/stimuli/interview/interview039.wav
4817.019274518137	12	chn_aud	7	48171397	296	18	1	/stimuli/chn_aud/chn_aud018.wav
4831.739306517337	12	lecture	10	48318601	297	19	1	/stimuli/lecture/lecture019.wav
4844.261993450164	12	chn_aud	7	48443831	298	11	1	/stimuli/chn_aud/chn_aud011.wav
4856.784580385491	12	acoustic	1	48569060	299	19	1	/stimuli/acoustic/acoustic019.wav
4869.307267318317	12	interview	9	48694290	300	16	1	/stimuli/interview/interview016.wav
4881.80865478363	12	classical	2	48819307	301	30	1	/stimuli/classical/classical030.wav
4899.08862278443	12	lecture	10	48992111	302	3	1	/stimuli/lecture/lecture003.wav
4911.611309717257	12	pop	6	49117341	303	36	1	/stimuli/pop/pop036.wav
4924.133996650084	12	talk	12	49242571	304	24	1	/stimuli/talk/talk024.wav
4936.656583585411	12	jazz	4	49367800	305	18	1	/stimuli/jazz/jazz018.wav
4949.179270518237	12	news	11	49493030	306	36	1	/stimuli/news/news036.wav
4961.701957451064	12	eng_aud	8	49618260	307	5	1	/stimuli/eng_aud/eng_aud005.wav
4974.203244918877	12	metal	5	49743276	308	22	1	/stimuli/metal/metal022.wav
4990.117947051323	12	hiphop	3	49902427	309	31	1	/stimuli/hiphop/hiphop031.wav
5002.6193345166375	12	lecture	10	50027444	310	4	1	/stimuli/lecture/lecture004.wav
5015.141921451964	12	acoustic	1	50152673	311	1	1	/stimuli/acoustic/acoustic001.wav
5027.643308917277	12	metal	5	50277690	312	32	1	/stimuli/metal/metal032.wav
5040.165995850104	12	talk	12	50402920	313	9	1	/stimuli/talk/talk009.wav
5056.933976650584	12	jazz	4	50570604	314	39	1	/stimuli/jazz/jazz039.wav
5069.456663583411	12	classical	2	50695834	315	37	1	/stimuli/classical/classical037.wav
5081.957951051224	12	interview	9	50820850	316	17	1	/stimuli/interview/interview017.wav
5094.48063798405	12	hiphop	3	50946080	317	17	1	/stimuli/hiphop/hiphop017.wav
5106.981925451863	12	chn_aud	7	51071096	318	10	1	/stimuli/chn_aud/chn_aud010.wav
5122.6193345166375	12	news	11	51227474	319	0	1	/stimuli/news/news000.wav
5135.141921451964	12	eng_aud	8	51352703	320	36	1	/stimuli/eng_aud/eng_aud036.wav
5147.643308917277	12	pop	6	51477720	321	6	1	/stimuli/pop/pop006.wav
5160.14459638509	12	talk	12	51602736	322	8	1	/stimuli/talk/talk008.wav
5172.667283317917	12	pop	6	51727966	323	32	1	/stimuli/pop/pop032.wav
5185.168670783231	12	chn_aud	7	51852983	324	37	1	/stimuli/chn_aud/chn_aud037.wav
5200.27259318517	12	hiphop	3	52004026	325	0	1	/stimuli/hiphop/hiphop000.wav
5212.795280117997	12	news	11	52129256	326	37	1	/stimuli/news/news037.wav
5225.317967050823	12	jazz	4	52254486	327	30	1	/stimuli/jazz/jazz030.wav
5237.819254518637	12	eng_aud	8	52379502	328	1	1	/stimuli/eng_aud/eng_aud001.wav
5250.341941451464	12	lecture	10	52504732	329	17	1	/stimuli/lecture/lecture017.wav
5262.843328916777	12	classical	2	52629749	330	3	1	/stimuli/classical/classical003.wav
5277.9046523836905	12	metal	5	52780366	331	14	1	/stimuli/metal/metal014.wav
5290.427339316517	12	acoustic	1	52905596	332	29	1	/stimuli/acoustic/acoustic029.wav
5302.949926251844	12	interview	9	53030825	333	29	1	/stimuli/interview/interview029.wav
5315.451313717157	12	hiphop	3	53155842	334	21	1	/stimuli/hiphop/hiphop021.wav
5327.974000649984	12	jazz	4	53281072	335	15	1	/stimuli/jazz/jazz015.wav
5340.49658758531	12	talk	12	53406301	336	27	1	/stimuli/talk/talk027.wav
5355.558011049724	12	eng_aud	8	53556919	337	7	1	/stimuli/eng_aud/eng_aud007.wav
5368.08059798505	12	pop	6	53682148	338	10	1	/stimuli/pop/pop010.wav
5380.603284917877	12	chn_aud	7	53807378	339	38	1	/stimuli/chn_aud/chn_aud038.wav
5393.104672383191	12	news	11	53932395	340	1	1	/stimuli/news/news001.wav
5405.648658783531	12	interview	9	54057838	341	3	1	/stimuli/interview/interview003.wav
5420.88067798305	12	metal	5	54210162	342	20	1	/stimuli/metal/metal020.wav
5433.403264918377	12	classical	2	54335391	343	8	1	/stimuli/classical/classical008.wav
5445.9046523836905	12	acoustic	1	54460408	344	26	1	/stimuli/acoustic/acoustic026.wav
5458.405939851504	12	lecture	10	54585424	345	11	1	/stimuli/lecture/lecture011.wav
5470.928626784331	12	eng_aud	8	54710654	346	34	1	/stimuli/eng_aud/eng_aud034.wav
5483.451313717157	12	jazz	4	54835884	347	0	1	/stimuli/jazz/jazz000.wav
5645.669958251044	12	lecture	10	56458111	348	12	1	/stimuli/lecture/lecture012.wav
5658.192645183871	12	acoustic	1	56583341	349	6	1	/stimuli/acoustic/acoustic006.wav
5670.715332116697	12	chn_aud	7	56708571	350	21	1	/stimuli/chn_aud/chn_aud021.wav
5683.238019049524	12	interview	9	56833801	351	0	1	/stimuli/interview/interview000.wav
5695.739306517337	12	classical	2	56958817	352	23	1	/stimuli/classical/classical023.wav
5713.42466438339	12	talk	12	57135675	353	15	1	/stimuli/talk/talk015.wav
5725.9473513162175	12	pop	6	57260905	354	13	1	/stimuli/pop/pop013.wav
5738.448638784031	12	news	11	57385921	355	33	1	/stimuli/news/news033.wav
5750.971325716857	12	metal	5	57511151	356	29	1	/stimuli/metal/metal029.wav
5763.494012649684	12	hiphop	3	57636381	357	36	1	/stimuli/hiphop/hiphop036.wav
5780.859278518037	12	jazz	4	57810038	358	5	1	/stimuli/jazz/jazz005.wav
5793.381965450863	12	lecture	10	57935268	359	14	1	/stimuli/lecture/lecture014.wav
5805.9046523836905	12	metal	5	58060498	360	7	1	/stimuli/metal/metal007.wav
5818.427339316517	12	classical	2	58185728	361	0	1	/stimuli/classical/classical000.wav
5830.928626784331	12	news	11	58310744	362	7	1	/stimuli/news/news007.wav
5865.915352116197	12	chn_aud	7	58660620	363	6	1	/stimuli/chn_aud/chn_aud006.wav
5878.437939051524	12	hiphop	3	58785849	364	25	1	/stimuli/hiphop/hiphop025.wav
5890.96062598435	12	talk	12	58911079	365	2	1	/stimuli/talk/talk002.wav
5903.462013449664	12	eng_aud	8	59036096	366	15	1	/stimuli/eng_aud/eng_aud015.wav
5915.984600384991	12	acoustic	1	59161325	367	34	1	/stimuli/acoustic/acoustic034.wav
5928.507287317817	12	interview	9	59286555	368	32	1	/stimuli/interview/interview032.wav
6049.957951051224	12	pop	6	60501092	369	21	1	/stimuli/pop/pop021.wav
6062.48063798405	12	eng_aud	8	60626322	370	3	1	/stimuli/eng_aud/eng_aud003.wav
6075.003324916877	12	metal	5	60751552	371	34	1	/stimuli/metal/metal034.wav
6087.5046123846905	12	talk	12	60876568	372	10	1	/stimuli/talk/talk010.wav
6100.005999850004	12	jazz	4	61001585	373	35	1	/stimuli/jazz/jazz035.wav
6112.528686782831	12	pop	6	61126815	374	30	1	/stimuli/pop/pop030.wav
6127.675308117297	12	hiphop	3	61278285	375	39	1	/stimuli/hiphop/hiphop039.wav
6140.197995050124	12	acoustic	1	61403515	376	9	1	/stimuli/acoustic/acoustic009.wav
6152.699282517937	12	lecture	10	61528531	377	38	1	/stimuli/lecture/lecture038.wav
6165.221969450764	12	news	11	61653761	378	31	1	/stimuli/news/news031.wav
6177.723256918577	12	interview	9	61778777	379	1	1	/stimuli/interview/interview001.wav
6190.245943851403	12	classical	2	61904007	380	34	1	/stimuli/classical/classical034.wav
6205.563260918477	12	chn_aud	7	62057184	381	32	1	/stimuli/chn_aud/chn_aud032.wav
6218.06464838379	12	metal	5	62182201	382	21	1	/stimuli/metal/metal021.wav
6230.587335316617	12	news	11	62307431	383	2	1	/stimuli/news/news002.wav
6243.110022249443	12	acoustic	1	62432661	384	15	1	/stimuli/acoustic/acoustic015.wav
6255.63260918477	12	hiphop	3	62557890	385	13	1	/stimuli/hiphop/hiphop013.wav
6268.155296117597	12	classical	2	62683120	386	12	1	/stimuli/classical/classical012.wav
6283.814004649884	12	chn_aud	7	62839711	387	2	1	/stimuli/chn_aud/chn_aud002.wav
6296.33659158521	12	jazz	4	62964940	388	28	1	/stimuli/jazz/jazz028.wav
6308.859278518037	12	eng_aud	8	63090170	389	35	1	/stimuli/eng_aud/eng_aud035.wav
6321.381965450863	12	pop	6	63215400	390	25	1	/stimuli/pop/pop025.wav
6333.9046523836905	12	interview	9	63340630	391	14	1	/stimuli/interview/interview014.wav
6346.405939851504	12	lecture	10	63465646	392	6	1	/stimuli/lecture/lecture006.wav
6358.928626784331	12	talk	12	63590876	393	16	1	/stimuli/talk/talk016.wav
6374.267343316417	12	jazz	4	63744267	394	7	1	/stimuli/jazz/jazz007.wav
6386.811329716757	12	pop	6	63869710	395	0	1	/stimuli/pop/pop000.wav
6399.376615584611	12	lecture	10	63995366	396	9	1	/stimuli/lecture/lecture009.wav
6411.920601984951	12	classical	2	64120809	397	21	1	/stimuli/classical/classical021.wav
6424.443288917777	12	interview	9	64246039	398	12	1	/stimuli/interview/interview012.wav
6440.827279318017	12	chn_aud	7	64409883	399	1	1	/stimuli/chn_aud/chn_aud001.wav
6453.392665183371	12	hiphop	3	64535540	400	30	1	/stimuli/hiphop/hiphop030.wav
6465.915352116197	12	news	11	64660770	401	5	1	/stimuli/news/news005.wav
6478.459338516537	12	talk	12	64786213	402	32	1	/stimuli/talk/talk032.wav
6490.96062598435	12	eng_aud	8	64911229	403	8	1	/stimuli/eng_aud/eng_aud008.wav
6503.4833129171775	12	metal	5	65036459	404	12	1	/stimuli/metal/metal012.wav
6518.053948651284	12	acoustic	1	65182169	405	20	1	/stimuli/acoustic/acoustic020.wav
6530.576635584111	12	interview	9	65307399	406	35	1	/stimuli/interview/interview035.wav
6543.120621984451	12	acoustic	1	65432842	407	24	1	/stimuli/acoustic/acoustic024.wav
6555.622009449764	12	jazz	4	65557859	408	16	1	/stimuli/jazz/jazz016.wav
6568.14459638509	12	pop	6	65683088	409	8	1	/stimuli/pop/pop008.wav
6584.464688382791	12	classical	2	65846293	410	38	1	/stimuli/classical/classical038.wav
6596.965975850604	12	eng_aud	8	65971309	411	25	1	/stimuli/eng_aud/eng_aud025.wav
6609.48866278343	12	metal	5	66096539	412	0	1	/stimuli/metal/metal000.wav
6622.011349716257	12	hiphop	3	66221769	413	38	1	/stimuli/hiphop/hiphop038.wav
6634.533936651584	12	chn_aud	7	66346998	414	17	1	/stimuli/chn_aud/chn_aud017.wav
6647.099322516937	12	news	11	66472655	415	4	1	/stimuli/news/news004.wav
6659.622009449764	12	lecture	10	66597885	416	35	1	/stimuli/lecture/lecture035.wav
6679.440613984651	12	talk	12	66796076	417	19	1	/stimuli/talk/talk019.wav
6691.963300917477	12	metal	5	66921306	418	5	1	/stimuli/metal/metal005.wav
6704.485987850304	12	interview	9	67046536	419	4	1	/stimuli/interview/interview004.wav
6717.00867478313	12	chn_aud	7	67171766	420	9	1	/stimuli/chn_aud/chn_aud009.wav
6729.509962250943	12	talk	12	67296782	421	11	1	/stimuli/talk/talk011.wav
6742.075348116297	12	eng_aud	8	67422439	422	23	1	/stimuli/eng_aud/eng_aud023.wav
6756.645983850403	12	hiphop	3	67568149	423	11	1	/stimuli/hiphop/hiphop011.wav
6769.168670783231	12	pop	6	67693379	424	5	1	/stimuli/pop/pop005.wav
6781.691357716057	12	classical	2	67818609	425	7	1	/stimuli/classical/classical007.wav
6794.235344116397	12	acoustic	1	67944052	426	5	1	/stimuli/acoustic/acoustic005.wav
6806.757931051724	12	news	11	68069281	427	30	1	/stimuli/news/news030.wav
6822.117947051323	12	jazz	4	68222885	428	33	1	/stimuli/jazz/jazz033.wav
6834.640633984151	12	lecture	10	68348115	429	2	1	/stimuli/lecture/lecture002.wav
6847.163320916977	12	eng_aud	8	68473345	430	18	1	/stimuli/eng_aud/eng_aud018.wav
6859.707307317317	12	talk	12	68598788	431	0	1	/stimuli/talk/talk000.wav
6872.229994250144	12	news	11	68724018	432	18	1	/stimuli/news/news018.wav
6887.4833129171775	12	acoustic	1	68876555	433	28	1	/stimuli/acoustic/acoustic028.wav
6900.048598785031	12	chn_aud	7	69002211	434	7	1	/stimuli/chn_aud/chn_aud007.wav
6912.571285717857	12	jazz	4	69127441	435	21	1	/stimuli/jazz/jazz021.wav
6925.093972650684	12	lecture	10	69252671	436	13	1	/stimuli/lecture/lecture013.wav
6937.61665958351	12	pop	6	69377901	437	12	1	/stimuli/pop/pop012.wav
6950.16064598385	12	interview	9	69503344	438	5	1	/stimuli/interview/interview005.wav
6966.587335316617	12	metal	5	69667615	439	26	1	/stimuli/metal/metal026.wav
6979.110022249443	12	hiphop	3	69792845	440	12	1	/stimuli/hiphop/hiphop012.wav
6991.675308117297	12	classical	2	69918501	441	20	1	/stimuli/classical/classical020.wav
7004.176595585111	12	classical	2	70043517	442	5	1	/stimuli/classical/classical005.wav
7016.741981450464	12	hiphop	3	70169174	443	1	1	/stimuli/hiphop/hiphop001.wav
7029.26466838329	12	chn_aud	7	70294404	444	22	1	/stimuli/chn_aud/chn_aud022.wav
7041.787355316117	12	jazz	4	70419634	445	37	1	/stimuli/jazz/jazz037.wav
7076.2832929176775	12	eng_aud	8	70764602	446	9	1	/stimuli/eng_aud/eng_aud009.wav
7088.805979850504	12	metal	5	70889832	447	24	1	/stimuli/metal/metal024.wav
7101.349966250844	12	acoustic	1	71015275	448	18	1	/stimuli/acoustic/acoustic018.wav
7113.87265318367	12	interview	9	71140505	449	24	1	/stimuli/interview/interview024.wav
7126.395340116497	12	lecture	10	71265735	450	16	1	/stimuli/lecture/lecture016.wav
7145.36066598335	12	pop	6	71455393	451	26	1	/stimuli/pop/pop026.wav
7157.8833529161775	12	news	11	71580623	452	24	1	/stimuli/news/news024.wav
7170.405939851504	12	talk	12	71705852	453	1	1	/stimuli/talk/talk001.wav
7182.928626784331	12	eng_aud	8	71831082	454	10	1	/stimuli/eng_aud/eng_aud010.wav
7195.451313717157	12	jazz	4	71956312	455	10	1	/stimuli/jazz/jazz010.wav
7207.95260118497	12	hiphop	3	72081328	456	2	1	/stimuli/hiphop/hiphop002.wav
7220.49668758281	12	metal	5	72206772	457	19	1	/stimuli/metal/metal019.wav
7235.47261318467	12	pop	6	72356535	458	3	1	/stimuli/pop/pop003.wav
7247.995300117497	12	lecture	10	72481765	459	25	1	/stimuli/lecture/lecture025.wav
7260.517987050323	12	news	11	72606995	460	9	1	/stimuli/news/news009.wav
7273.1046723831905	12	acoustic	1	72732865	461	37	1	/stimuli/acoustic/acoustic037.wav
7285.627259318517	12	chn_aud	7	72858094	462	33	1	/stimuli/chn_aud/chn_aud033.wav
7298.128646783831	12	talk	12	72983111	463	14	1	/stimuli/talk/talk014.wav
7310.651333716657	12	interview	9	73108341	464	36	1	/stimuli/interview/interview036.wav
7324.603284917877	12	classical	2	73247864	465	22	1	/stimuli/classical/classical022.wav
7337.125971850703	12	eng_aud	8	73373094	466	17	1	/stimuli/eng_aud/eng_aud017.wav
7349.648658783531	12	interview	9	73498324	467	10	1	/stimuli/interview/interview010.wav
7362.192645183871	12	lecture	10	73623767	468	31	1	/stimuli/lecture/lecture031.wav
7374.693932651684	12	talk	12	73748783	469	37	1	/stimuli/talk/talk037.wav
7389.819254518637	12	metal	5	73900040	470	8	1	/stimuli/metal/metal008.wav
7402.341941451464	12	hiphop	3	74025270	471	7	1	/stimuli/hiphop/hiphop007.wav
7414.86462838429	12	classical	2	74150500	472	31	1	/stimuli/classical/classical031.wav
7427.387315317117	12	acoustic	1	74275730	473	35	1	/stimuli/acoustic/acoustic035.wav
7439.910002249943	12	news	11	74400960	474	38	1	/stimuli/news/news038.wav
7452.43258918527	12	chn_aud	7	74526189	475	8	1	/stimuli/chn_aud/chn_aud008.wav
7464.976675583111	12	jazz	4	74651633	476	3	1	/stimuli/jazz/jazz003.wav
7480.27259318517	12	pop	6	74804596	477	29	1	/stimuli/pop/pop029.wav
7492.81667958301	12	talk	12	74930040	478	38	1	/stimuli/talk/talk038.wav
7505.339266518337	12	chn_aud	7	75055269	479	16	1	/stimuli/chn_aud/chn_aud016.wav
7517.861953451164	12	jazz	4	75180499	480	13	1	/stimuli/jazz/jazz013.wav
7530.384640383991	12	lecture	10	75305729	481	7	1	/stimuli/lecture/lecture007.wav
7542.907327316817	12	metal	5	75430959	482	37	1	/stimuli/metal/metal037.wav
7555.430014249644	12	pop	6	75556189	483	19	1	/stimuli/pop/pop019.wav
7570.512637184071	12	news	11	75707019	484	16	1	/stimuli/news/news016.wav
7583.035324116897	12	acoustic	1	75832249	485	38	1	/stimuli/acoustic/acoustic038.wav
7595.579310517237	12	interview	9	75957692	486	9	1	/stimuli/interview/interview009.wav
7608.14459638509	12	eng_aud	8	76083348	487	2	1	/stimuli/eng_aud/eng_aud002.wav
7620.645983850403	12	hiphop	3	76208365	488	23	1	/stimuli/hiphop/hiphop023.wav
7633.1686707832305	12	classical	2	76333595	489	28	1	/stimuli/classical/classical028.wav
